设备编号,物料编码,产量,换线时间,工作中心编码,换线时间,连续生产类别编码,销售订单号
SZ17,8000270355,0.03,30,CL,30,,
SZ16,8000270355,0.03,30,CL,30,,
SZ13,8000270355,0.03,30,CL,30,,
SZ11,8000270355,0.03,30,CL,30,,
TS18,8000031594,0.3,30,TS,30,8000031594,
TS09,8000031594,0.26,30,TS,30,8000031594,
TS19,8000031594,0.2,30,TS,30,8000031594,
TS10,8000031594,0.2,30,TS,30,8000031594,
TS02,8000031594,0.26,30,TS,30,8000031594,
TS01,8000031594,0.23,30,TS,30,8000031594,
TS11,8000031594,0.23,30,TS,30,8000031594,
ZS20,8000001353,1,5,ZS,5,8000001353,
ZS21,8000001353,1,5,ZS,5,8000001353,
ZS22,8000001353,1,5,ZS,5,8000001353,
ZS23,8000001353,1,5,ZS,5,8000001353,
ZS01,8000001353,1.7,5,ZS,5,8000001353,
ZS24,8000001353,1,5,ZS,5,8000001353,
ZS02,8000001353,1.7,5,ZS,5,8000001353,
ZS25,8000001353,1.2,5,ZS,5,8000001353,
ZS03,8000001353,1.7,5,ZS,5,8000001353,
ZS26,8000001353,1.5,5,ZS,5,8000001353,
ZS04,8000001353,1.7,5,ZS,5,8000001353,
ZS05,8000001353,1.2,5,ZS,5,8000001353,
ZS06,8000001353,1.2,5,ZS,5,8000001353,
ZS07,8000001353,2,5,ZS,5,8000001353,
ZS08,8000001353,1.2,5,ZS,5,8000001353,
ZS09,8000001353,1.2,5,ZS,5,8000001353,
ZS10,8000001353,1.2,5,ZS,5,8000001353,
ZS11,8000001353,1.2,5,ZS,5,8000001353,
ZS12,8000001353,1.2,5,ZS,5,8000001353,
ZS13,8000001353,1.2,5,ZS,5,8000001353,
ZS15,8000001353,1.2,5,ZS,5,8000001353,
ZS16,8000001353,1,5,ZS,5,8000001353,
ZS17,8000001353,1,5,ZS,5,8000001353,
ZS18,8000001353,1,5,ZS,5,8000001353,
ZS19,8000001353,1,5,ZS,5,8000001353,
ZS19,8000001401,1,5,ZS,5,8000001401,
ZS17,8000001401,1,5,ZS,5,8000001401,
ZS18,8000001401,1,5,ZS,5,8000001401,
ZS26,8000001401,1.5,5,ZS,5,8000001401,
ZS04,8000001401,1.7,5,ZS,5,8000001401,
ZS05,8000001401,1.2,5,ZS,5,8000001401,
ZS24,8000001401,1,5,ZS,5,8000001401,
ZS02,8000001401,1.7,5,ZS,5,8000001401,
ZS25,8000001401,1.2,5,ZS,5,8000001401,
ZS03,8000001401,1.7,5,ZS,5,8000001401,
ZS22,8000001401,1,5,ZS,5,8000001401,
ZS23,8000001401,1,5,ZS,5,8000001401,
ZS01,8000001401,1.7,5,ZS,5,8000001401,
ZS20,8000001401,1,5,ZS,5,8000001401,
ZS21,8000001401,1,5,ZS,5,8000001401,
ZS08,8000001401,1.2,5,ZS,5,8000001401,
ZS09,8000001401,1.2,5,ZS,5,8000001401,
ZS06,8000001401,1.2,5,ZS,5,8000001401,
ZS07,8000001401,2,5,ZS,5,8000001401,
ZS15,8000001401,1.2,5,ZS,5,8000001401,
ZS16,8000001401,1,5,ZS,5,8000001401,
ZS13,8000001401,1.2,5,ZS,5,8000001401,
ZS11,8000001401,1.2,5,ZS,5,8000001401,
ZS12,8000001401,1.2,5,ZS,5,8000001401,
ZS10,8000001401,1.2,5,ZS,5,8000001401,
TS10,8000030247,0.28,30,TS,30,8000030247,
TS01,8000030247,0.26,30,TS,30,8000030247,
TS11,8000030247,0.25,30,TS,30,8000030247,
TS03,8000030247,0.3,30,TS,30,8000030247,
TS02,8000030247,0.26,30,TS,30,8000030247,
TS16,8000030247,0.3,30,TS,30,8000030247,
TS05,8000030247,0.3,30,TS,30,8000030247,
TS15,8000030247,0.2,30,TS,30,8000030247,
TS04,8000030247,0.3,30,TS,30,8000030247,
TS18,8000030247,0.3,30,TS,30,8000030247,
TS06,8000030247,0.28,30,TS,30,8000030247,
TS09,8000030247,0.26,30,TS,30,8000030247,
TS19,8000030247,0.38,30,TS,30,8000030247,
TS11,8000030253,0.25,30,TS,30,8000030253,
TS10,8000030253,0.28,30,TS,30,8000030253,
TS02,8000030253,0.26,30,TS,30,8000030253,
TS01,8000030253,0.26,30,TS,30,8000030253,
TS19,8000030253,0.38,30,TS,30,8000030253,
TS18,8000030253,0.3,30,TS,30,8000030253,
TS09,8000030253,0.26,30,TS,30,8000030253,
TS15,8000030253,0.2,30,TS,30,8000030253,
TS04,8000030253,0.3,30,TS,30,8000030253,
TS03,8000030253,0.3,30,TS,30,8000030253,
TS06,8000030253,0.28,30,TS,30,8000030253,
TS16,8000030253,0.3,30,TS,30,8000030253,
TS05,8000030253,0.3,30,TS,30,8000030253,
SZ13,8000055182,0.04,30,CL,30,8000055182,
SZ02,8000055182,0.06,30,CL,30,8000055182,
SZ03,8000055182,0.06,30,CL,30,8000055182,
SZ11,8000055182,0.04,30,CL,30,8000055182,
SZ12,8000055182,0.04,30,CL,30,8000055182,
SZ01,8000055182,0.06,30,CL,30,8000055182,
SZ10,8000055182,0.06,30,CL,30,8000055182,
SZ08,8000055182,0.06,30,CL,30,8000055182,
SZ09,8000055182,0.06,30,CL,30,8000055182,
SZ17,8000055182,0.06,30,CL,30,8000055182,
SZ06,8000055182,0.06,30,CL,30,8000055182,
SZ18,8000055182,0.06,30,CL,30,8000055182,
SZ07,8000055182,0.06,30,CL,30,8000055182,
SZ15,8000055182,0.06,30,CL,30,8000055182,
SZ04,8000055182,0.06,30,CL,30,8000055182,
SZ16,8000055182,0.06,30,CL,30,8000055182,
SZ05,8000055182,0.06,30,CL,30,8000055182,
TS10,8000030252,0.28,30,TS,30,8000030252,
TS11,8000030252,0.25,30,TS,30,8000030252,
TS01,8000030252,0.26,30,TS,30,8000030252,
TS02,8000030252,0.26,30,TS,30,8000030252,
TS03,8000030252,0.3,30,TS,30,8000030252,
TS15,8000030252,0.2,30,TS,30,8000030252,
TS04,8000030252,0.3,30,TS,30,8000030252,
TS16,8000030252,0.3,30,TS,30,8000030252,
TS05,8000030252,0.3,30,TS,30,8000030252,
TS06,8000030252,0.28,30,TS,30,8000030252,
TS18,8000030252,0.3,30,TS,30,8000030252,
TS19,8000030252,0.38,30,TS,30,8000030252,
TS09,8000030252,0.26,30,TS,30,8000030252,
ZS15,8000001341,1.2,5,ZS,5,8000001341,
ZS17,8000001341,1,5,ZS,5,8000001341,
ZS16,8000001341,1,5,ZS,5,8000001341,
ZS19,8000001341,1,5,ZS,5,8000001341,
ZS18,8000001341,1,5,ZS,5,8000001341,
ZS11,8000001341,1.2,5,ZS,5,8000001341,
ZS10,8000001341,1.2,5,ZS,5,8000001341,
ZS13,8000001341,1.2,5,ZS,5,8000001341,
ZS12,8000001341,1.2,5,ZS,5,8000001341,
ZS26,8000001341,1.5,5,ZS,5,8000001341,
ZS04,8000001341,1.7,5,ZS,5,8000001341,
ZS25,8000001341,1.2,5,ZS,5,8000001341,
ZS03,8000001341,1.7,5,ZS,5,8000001341,
ZS06,8000001341,1.2,5,ZS,5,8000001341,
ZS05,8000001341,1.2,5,ZS,5,8000001341,
ZS08,8000001341,1.2,5,ZS,5,8000001341,
ZS07,8000001341,2,5,ZS,5,8000001341,
ZS09,8000001341,1.2,5,ZS,5,8000001341,
ZS20,8000001341,1,5,ZS,5,8000001341,
ZS22,8000001341,1,5,ZS,5,8000001341,
ZS21,8000001341,1,5,ZS,5,8000001341,
ZS24,8000001341,1,5,ZS,5,8000001341,
ZS02,8000001341,1.7,5,ZS,5,8000001341,
ZS23,8000001341,1,5,ZS,5,8000001341,
ZS01,8000001341,1.7,5,ZS,5,8000001341,
ZS17,8000001305,1,5,ZS,5,8000001305,
ZS16,8000001305,1,5,ZS,5,8000001305,
ZS15,8000001305,1.2,5,ZS,5,8000001305,
ZS19,8000001305,1,5,ZS,5,8000001305,
ZS18,8000001305,1,5,ZS,5,8000001305,
ZS20,8000001305,1,5,ZS,5,8000001305,
ZS24,8000001305,1,5,ZS,5,8000001305,
ZS02,8000001305,1.7,5,ZS,5,8000001305,
ZS23,8000001305,1,5,ZS,5,8000001305,
ZS01,8000001305,1.7,5,ZS,5,8000001305,
ZS22,8000001305,1,5,ZS,5,8000001305,
ZS21,8000001305,1,5,ZS,5,8000001305,
ZS06,8000001305,1.2,5,ZS,5,8000001305,
ZS05,8000001305,1.2,5,ZS,5,8000001305,
ZS26,8000001305,1.5,5,ZS,5,8000001305,
ZS04,8000001305,1.7,5,ZS,5,8000001305,
ZS25,8000001305,1.2,5,ZS,5,8000001305,
ZS03,8000001305,1.7,5,ZS,5,8000001305,
ZS09,8000001305,1.2,5,ZS,5,8000001305,
ZS08,8000001305,1.2,5,ZS,5,8000001305,
ZS07,8000001305,2,5,ZS,5,8000001305,
ZS13,8000001305,1.2,5,ZS,5,8000001305,
ZS12,8000001305,1.2,5,ZS,5,8000001305,
ZS11,8000001305,1.2,5,ZS,5,8000001305,
ZS10,8000001305,1.2,5,ZS,5,8000001305,
TS09,8000031595,0.26,30,TS,30,8000031595,
TS19,8000031595,0.2,30,TS,30,8000031595,
TS18,8000031595,0.3,30,TS,30,8000031595,
TS06,8000031595,0.2,30,TS,30,8000031595,
TS05,8000031595,0.2,30,TS,30,8000031595,
TS03,8000031595,0.3,30,TS,30,8000031595,
TS02,8000031595,0.26,30,TS,30,8000031595,
TS01,8000031595,0.23,30,TS,30,8000031595,
TS11,8000031595,0.23,30,TS,30,8000031595,
TS10,8000031595,0.2,30,TS,30,8000031595,
HT21,8000147753,0.08,60,HT,60,8000147753,
HT10,8000147753,0.08,60,HT,60,8000147753,
HT20,8000147753,0.08,60,HT,60,8000147753,
HT12,8000147753,0.08,60,HT,60,8000147753,
HT01,8000147753,0.08,60,HT,60,8000147753,
HT11,8000147753,0.08,60,HT,60,8000147753,
HT18,8000147753,0.08,60,HT,60,8000147753,
HT07,8000147753,0.08,60,HT,60,8000147753,
HT06,8000147753,0.08,60,HT,60,8000147753,
HT09,8000147753,0.08,60,HT,60,8000147753,
HT19,8000147753,0.08,60,HT,60,8000147753,
HT08,8000147753,0.08,60,HT,60,8000147753,
HT03,8000147753,0.08,60,HT,60,8000147753,
HT13,8000147753,0.08,60,HT,60,8000147753,
HT02,8000147753,0.08,60,HT,60,8000147753,
HT16,8000147753,0.08,60,HT,60,8000147753,
HT05,8000147753,0.08,60,HT,60,8000147753,
HT15,8000147753,0.08,60,HT,60,8000147753,
HT04,8000147753,0.08,60,HT,60,8000147753,
TS09,8000030250,0.26,30,TS,30,8000030250,
TS19,8000030250,0.38,30,TS,30,8000030250,
TS18,8000030250,0.3,30,TS,30,8000030250,
TS06,8000030250,0.28,30,TS,30,8000030250,
TS16,8000030250,0.3,30,TS,30,8000030250,
TS05,8000030250,0.3,30,TS,30,8000030250,
TS15,8000030250,0.2,30,TS,30,8000030250,
TS04,8000030250,0.3,30,TS,30,8000030250,
TS03,8000030250,0.3,30,TS,30,8000030250,
TS02,8000030250,0.26,30,TS,30,8000030250,
TS01,8000030250,0.26,30,TS,30,8000030250,
TS11,8000030250,0.25,30,TS,30,8000030250,
TS10,8000030250,0.28,30,TS,30,8000030250,
ZS18,8000001389,1,5,ZS,5,8000001389,
ZS19,8000001389,1,5,ZS,5,8000001389,
ZS20,8000001389,1,5,ZS,5,8000001389,
ZS05,8000001389,1.2,5,ZS,5,8000001389,
ZS06,8000001389,1.2,5,ZS,5,8000001389,
ZS25,8000001389,1.2,5,ZS,5,8000001389,
ZS03,8000001389,1.7,5,ZS,5,8000001389,
ZS26,8000001389,1.5,5,ZS,5,8000001389,
ZS04,8000001389,1.7,5,ZS,5,8000001389,
ZS23,8000001389,1,5,ZS,5,8000001389,
ZS01,8000001389,1.7,5,ZS,5,8000001389,
ZS24,8000001389,1,5,ZS,5,8000001389,
ZS02,8000001389,1.7,5,ZS,5,8000001389,
ZS21,8000001389,1,5,ZS,5,8000001389,
ZS22,8000001389,1,5,ZS,5,8000001389,
ZS09,8000001389,1.2,5,ZS,5,8000001389,
ZS07,8000001389,2,5,ZS,5,8000001389,
ZS08,8000001389,1.2,5,ZS,5,8000001389,
ZS16,8000001389,1,5,ZS,5,8000001389,
ZS17,8000001389,1,5,ZS,5,8000001389,
ZS15,8000001389,1.2,5,ZS,5,8000001389,
ZS12,8000001389,1.2,5,ZS,5,8000001389,
ZS13,8000001389,1.2,5,ZS,5,8000001389,
ZS10,8000001389,1.2,5,ZS,5,8000001389,
ZS11,8000001389,1.2,5,ZS,5,8000001389,
SZ09,8000270999,0.04,30,CL,30,8000270999,
SZ18,8000270999,0.04,30,CL,30,8000270999,
SZ16,8000270999,0.04,30,CL,30,8000270999,
SZ17,8000270999,0.04,30,CL,30,8000270999,
SZ15,8000270999,0.04,30,CL,30,8000270999,
SZ12,8000270999,0.04,30,CL,30,8000270999,
SZ13,8000270999,0.04,30,CL,30,8000270999,
SZ10,8000270999,0.04,30,CL,30,8000270999,
SZ11,8000270999,0.04,30,CL,30,8000270999,
TS10,8000031597,0.2,30,TS,30,8000031597,
TS11,8000031597,0.23,30,TS,30,8000031597,
TS09,8000031597,0.26,30,TS,30,8000031597,
TS01,8000031597,0.23,30,TS,30,8000031597,
TS02,8000031597,0.26,30,TS,30,8000031597,
TS03,8000031597,0.3,30,TS,30,8000031597,
TS05,8000031597,0.2,30,TS,30,8000031597,
TS06,8000031597,0.2,30,TS,30,8000031597,
TS18,8000031597,0.3,30,TS,30,8000031597,
TS19,8000031597,0.2,30,TS,30,8000031597,
SZ08,8000066442,0.08,30,CL,30,8000066442,
SZ18,8000066442,0.08,30,CL,30,8000066442,
SZ07,8000066442,0.08,30,CL,30,8000066442,
SZ17,8000066442,0.08,30,CL,30,8000066442,
SZ06,8000066442,0.08,30,CL,30,8000066442,
SZ16,8000066442,0.08,30,CL,30,8000066442,
SZ05,8000066442,0.08,30,CL,30,8000066442,
SZ09,8000066442,0.08,30,CL,30,8000066442,
SZ11,8000066442,0.05,30,CL,30,8000066442,
SZ10,8000066442,0.08,30,CL,30,8000066442,
SZ15,8000066442,0.08,30,CL,30,8000066442,
SZ04,8000066442,0.08,30,CL,30,8000066442,
SZ03,8000066442,0.08,30,CL,30,8000066442,
SZ13,8000066442,0.05,30,CL,30,8000066442,
SZ02,8000066442,0.08,30,CL,30,8000066442,
SZ12,8000066442,0.05,30,CL,30,8000066442,
SZ01,8000066442,0.08,30,CL,30,8000066442,
TS18,8000030255,0.3,30,TS,30,8000030255,
TS19,8000030255,0.38,30,TS,30,8000030255,
TS16,8000030255,0.3,30,TS,30,8000030255,
TS05,8000030255,0.3,30,TS,30,8000030255,
TS06,8000030255,0.28,30,TS,30,8000030255,
TS03,8000030255,0.3,30,TS,30,8000030255,
TS15,8000030255,0.2,30,TS,30,8000030255,
TS04,8000030255,0.3,30,TS,30,8000030255,
TS01,8000030255,0.26,30,TS,30,8000030255,
TS02,8000030255,0.26,30,TS,30,8000030255,
TS09,8000030255,0.26,30,TS,30,8000030255,
TS10,8000030255,0.28,30,TS,30,8000030255,
TS11,8000030255,0.25,30,TS,30,8000030255,
TS10,8000030245,0.28,30,TS,30,8000030245,
TS19,8000030245,0.38,30,TS,30,8000030245,
TS09,8000030245,0.26,30,TS,30,8000030245,
TS11,8000030245,0.25,30,TS,30,8000030245,
TS01,8000030245,0.26,30,TS,30,8000030245,
TS02,8000030245,0.26,30,TS,30,8000030245,
TS03,8000030245,0.3,30,TS,30,8000030245,
TS15,8000030245,0.2,30,TS,30,8000030245,
TS04,8000030245,0.3,30,TS,30,8000030245,
TS16,8000030245,0.3,30,TS,30,8000030245,
TS05,8000030245,0.3,30,TS,30,8000030245,
TS06,8000030245,0.28,30,TS,30,8000030245,
TS18,8000030245,0.3,30,TS,30,8000030245,
ZS21,8000001281,1,5,ZS,5,8000001281,
ZS20,8000001281,1,5,ZS,5,8000001281,
ZS09,8000001281,1.2,5,ZS,5,8000001281,
ZS08,8000001281,1.2,5,ZS,5,8000001281,
ZS25,8000001281,1.2,5,ZS,5,8000001281,
ZS03,8000001281,1.7,5,ZS,5,8000001281,
ZS24,8000001281,1,5,ZS,5,8000001281,
ZS02,8000001281,1.7,5,ZS,5,8000001281,
ZS23,8000001281,1,5,ZS,5,8000001281,
ZS01,8000001281,1.7,5,ZS,5,8000001281,
ZS22,8000001281,1,5,ZS,5,8000001281,
ZS07,8000001281,2,5,ZS,5,8000001281,
ZS06,8000001281,1.2,5,ZS,5,8000001281,
ZS05,8000001281,1.2,5,ZS,5,8000001281,
ZS26,8000001281,1.5,5,ZS,5,8000001281,
ZS04,8000001281,1.7,5,ZS,5,8000001281,
ZS10,8000001281,1.2,5,ZS,5,8000001281,
ZS19,8000001281,1,5,ZS,5,8000001281,
ZS13,8000001281,1.2,5,ZS,5,8000001281,
ZS12,8000001281,1.2,5,ZS,5,8000001281,
ZS11,8000001281,1.2,5,ZS,5,8000001281,
ZS18,8000001281,1,5,ZS,5,8000001281,
ZS17,8000001281,1,5,ZS,5,8000001281,
ZS16,8000001281,1,5,ZS,5,8000001281,
ZS15,8000001281,1.2,5,ZS,5,8000001281,
ZS22,8000001317,1,5,ZS,5,8000001317,
ZS23,8000001317,1,5,ZS,5,8000001317,
ZS01,8000001317,1.7,5,ZS,5,8000001317,
ZS20,8000001317,1,5,ZS,5,8000001317,
ZS21,8000001317,1,5,ZS,5,8000001317,
ZS15,8000001317,1.2,5,ZS,5,8000001317,
ZS16,8000001317,1,5,ZS,5,8000001317,
ZS13,8000001317,1.2,5,ZS,5,8000001317,
ZS19,8000001317,1,5,ZS,5,8000001317,
ZS17,8000001317,1,5,ZS,5,8000001317,
ZS18,8000001317,1,5,ZS,5,8000001317,
ZS11,8000001317,1.2,5,ZS,5,8000001317,
ZS12,8000001317,1.2,5,ZS,5,8000001317,
ZS10,8000001317,1.2,5,ZS,5,8000001317,
ZS26,8000001317,1.5,5,ZS,5,8000001317,
ZS04,8000001317,1.7,5,ZS,5,8000001317,
ZS05,8000001317,1.2,5,ZS,5,8000001317,
ZS24,8000001317,1,5,ZS,5,8000001317,
ZS02,8000001317,1.7,5,ZS,5,8000001317,
ZS25,8000001317,1.2,5,ZS,5,8000001317,
ZS03,8000001317,1.7,5,ZS,5,8000001317,
ZS08,8000001317,1.2,5,ZS,5,8000001317,
ZS09,8000001317,1.2,5,ZS,5,8000001317,
ZS06,8000001317,1.2,5,ZS,5,8000001317,
ZS07,8000001317,2,5,ZS,5,8000001317,
ZS24,8000001269,1,5,ZS,5,8000001269,
ZS02,8000001269,1.7,5,ZS,5,8000001269,
ZS25,8000001269,1.2,5,ZS,5,8000001269,
ZS03,8000001269,1.7,5,ZS,5,8000001269,
ZS26,8000001269,1.5,5,ZS,5,8000001269,
ZS04,8000001269,1.7,5,ZS,5,8000001269,
ZS05,8000001269,1.2,5,ZS,5,8000001269,
ZS20,8000001269,1,5,ZS,5,8000001269,
ZS21,8000001269,1,5,ZS,5,8000001269,
ZS22,8000001269,1,5,ZS,5,8000001269,
ZS23,8000001269,1,5,ZS,5,8000001269,
ZS01,8000001269,1.7,5,ZS,5,8000001269,
ZS17,8000001269,1,5,ZS,5,8000001269,
ZS18,8000001269,1,5,ZS,5,8000001269,
ZS19,8000001269,1,5,ZS,5,8000001269,
ZS13,8000001269,1.2,5,ZS,5,8000001269,
ZS15,8000001269,1.2,5,ZS,5,8000001269,
ZS16,8000001269,1,5,ZS,5,8000001269,
ZS10,8000001269,1.2,5,ZS,5,8000001269,
ZS11,8000001269,1.2,5,ZS,5,8000001269,
ZS12,8000001269,1.2,5,ZS,5,8000001269,
ZS06,8000001269,1.2,5,ZS,5,8000001269,
ZS07,8000001269,2,5,ZS,5,8000001269,
ZS08,8000001269,1.2,5,ZS,5,8000001269,
ZS09,8000001269,1.2,5,ZS,5,8000001269,
TS01,8000030251,0.26,30,TS,30,8000030251,
TS02,8000030251,0.26,30,TS,30,8000030251,
TS03,8000030251,0.3,30,TS,30,8000030251,
TS15,8000030251,0.2,30,TS,30,8000030251,
TS04,8000030251,0.3,30,TS,30,8000030251,
TS10,8000030251,0.28,30,TS,30,8000030251,
TS11,8000030251,0.25,30,TS,30,8000030251,
TS09,8000030251,0.26,30,TS,30,8000030251,
TS16,8000030251,0.3,30,TS,30,8000030251,
TS05,8000030251,0.3,30,TS,30,8000030251,
TS06,8000030251,0.28,30,TS,30,8000030251,
TS18,8000030251,0.3,30,TS,30,8000030251,
TS19,8000030251,0.38,30,TS,30,8000030251,
ZS09,8000001377,1.2,5,ZS,5,8000001377,
ZS08,8000001377,1.2,5,ZS,5,8000001377,
ZS18,8000001377,1,5,ZS,5,8000001377,
ZS17,8000001377,1,5,ZS,5,8000001377,
ZS16,8000001377,1,5,ZS,5,8000001377,
ZS15,8000001377,1.2,5,ZS,5,8000001377,
ZS13,8000001377,1.2,5,ZS,5,8000001377,
ZS12,8000001377,1.2,5,ZS,5,8000001377,
ZS11,8000001377,1.2,5,ZS,5,8000001377,
ZS10,8000001377,1.2,5,ZS,5,8000001377,
ZS19,8000001377,1,5,ZS,5,8000001377,
ZS07,8000001377,2,5,ZS,5,8000001377,
ZS06,8000001377,1.2,5,ZS,5,8000001377,
ZS05,8000001377,1.2,5,ZS,5,8000001377,
ZS26,8000001377,1.5,5,ZS,5,8000001377,
ZS04,8000001377,1.7,5,ZS,5,8000001377,
ZS25,8000001377,1.2,5,ZS,5,8000001377,
ZS03,8000001377,1.7,5,ZS,5,8000001377,
ZS24,8000001377,1,5,ZS,5,8000001377,
ZS02,8000001377,1.7,5,ZS,5,8000001377,
ZS23,8000001377,1,5,ZS,5,8000001377,
ZS01,8000001377,1.7,5,ZS,5,8000001377,
ZS22,8000001377,1,5,ZS,5,8000001377,
ZS21,8000001377,1,5,ZS,5,8000001377,
ZS20,8000001377,1,5,ZS,5,8000001377,
TS03,8000031606,0.3,30,TS,30,8000031606,
TS02,8000031606,0.26,30,TS,30,8000031606,
TS01,8000031606,0.23,30,TS,30,8000031606,
TS11,8000031606,0.23,30,TS,30,8000031606,
TS18,8000031606,0.3,30,TS,30,8000031606,
TS06,8000031606,0.2,30,TS,30,8000031606,
TS05,8000031606,0.2,30,TS,30,8000031606,
TS10,8000031606,0.2,30,TS,30,8000031606,
TS09,8000031606,0.26,30,TS,30,8000031606,
TS19,8000031606,0.2,30,TS,30,8000031606,
TS10,8000031596,0.2,30,TS,30,8000031596,
TS11,8000031596,0.23,30,TS,30,8000031596,
TS01,8000031596,0.23,30,TS,30,8000031596,
TS06,8000031596,0.2,30,TS,30,8000031596,
TS18,8000031596,0.3,30,TS,30,8000031596,
TS19,8000031596,0.2,30,TS,30,8000031596,
TS09,8000031596,0.26,30,TS,30,8000031596,
TS02,8000031596,0.26,30,TS,30,8000031596,
TS03,8000031596,0.3,30,TS,30,8000031596,
TS05,8000031596,0.2,30,TS,30,8000031596,
TS03,8000030248,0.3,30,TS,30,8000030248,
TS15,8000030248,0.2,30,TS,30,8000030248,
TS04,8000030248,0.3,30,TS,30,8000030248,
TS01,8000030248,0.26,30,TS,30,8000030248,
TS02,8000030248,0.26,30,TS,30,8000030248,
TS10,8000030248,0.28,30,TS,30,8000030248,
TS11,8000030248,0.25,30,TS,30,8000030248,
TS09,8000030248,0.26,30,TS,30,8000030248,
TS18,8000030248,0.3,30,TS,30,8000030248,
TS19,8000030248,0.38,30,TS,30,8000030248,
TS16,8000030248,0.3,30,TS,30,8000030248,
TS05,8000030248,0.3,30,TS,30,8000030248,
TS06,8000030248,0.28,30,TS,30,8000030248,
HT03,8000282876,0.06,40,HT,40,8000282876,
HT15,8000282876,0.06,40,HT,40,8000282876,
HT04,8000282876,0.06,40,HT,40,8000282876,
HT12,8000282876,0.06,40,HT,40,8000282876,
HT01,8000282876,0.06,40,HT,40,8000282876,
HT13,8000282876,0.06,40,HT,40,8000282876,
HT02,8000282876,0.06,40,HT,40,8000282876,
HT18,8000282876,0.06,40,HT,40,8000282876,
HT07,8000282876,0.06,40,HT,40,8000282876,
HT19,8000282876,0.06,40,HT,40,8000282876,
HT08,8000282876,0.06,40,HT,40,8000282876,
HT16,8000282876,0.06,40,HT,40,8000282876,
HT05,8000282876,0.06,40,HT,40,8000282876,
HT17,8000282876,0.06,40,HT,40,8000282876,
HT06,8000282876,0.06,40,HT,40,8000282876,
HT09,8000282876,0.06,40,HT,40,8000282876,
HT21,8000282876,0.06,40,HT,40,8000282876,
HT10,8000282876,0.06,40,HT,40,8000282876,
HT11,8000282876,0.06,40,HT,40,8000282876,
HT20,8000282876,0.06,40,HT,40,8000282876,
TS06,8000030249,0.28,30,TS,30,8000030249,
TS18,8000030249,0.3,30,TS,30,8000030249,
TS15,8000030249,0.2,30,TS,30,8000030249,
TS04,8000030249,0.3,30,TS,30,8000030249,
TS16,8000030249,0.3,30,TS,30,8000030249,
TS05,8000030249,0.3,30,TS,30,8000030249,
TS19,8000030249,0.38,30,TS,30,8000030249,
TS09,8000030249,0.26,30,TS,30,8000030249,
TS10,8000030249,0.28,30,TS,30,8000030249,
TS02,8000030249,0.26,30,TS,30,8000030249,
TS03,8000030249,0.3,30,TS,30,8000030249,
TS11,8000030249,0.25,30,TS,30,8000030249,
TS01,8000030249,0.26,30,TS,30,8000030249,
ZS12,8000001293,1.2,5,ZS,5,8000001293,
ZS13,8000001293,1.2,5,ZS,5,8000001293,
ZS10,8000001293,1.2,5,ZS,5,8000001293,
ZS11,8000001293,1.2,5,ZS,5,8000001293,
ZS16,8000001293,1,5,ZS,5,8000001293,
ZS17,8000001293,1,5,ZS,5,8000001293,
ZS15,8000001293,1.2,5,ZS,5,8000001293,
ZS18,8000001293,1,5,ZS,5,8000001293,
ZS19,8000001293,1,5,ZS,5,8000001293,
ZS20,8000001293,1,5,ZS,5,8000001293,
ZS23,8000001293,1,5,ZS,5,8000001293,
ZS01,8000001293,1.7,5,ZS,5,8000001293,
ZS24,8000001293,1,5,ZS,5,8000001293,
ZS02,8000001293,1.7,5,ZS,5,8000001293,
ZS21,8000001293,1,5,ZS,5,8000001293,
ZS22,8000001293,1,5,ZS,5,8000001293,
ZS05,8000001293,1.2,5,ZS,5,8000001293,
ZS06,8000001293,1.2,5,ZS,5,8000001293,
ZS25,8000001293,1.2,5,ZS,5,8000001293,
ZS03,8000001293,1.7,5,ZS,5,8000001293,
ZS26,8000001293,1.5,5,ZS,5,8000001293,
ZS04,8000001293,1.7,5,ZS,5,8000001293,
ZS09,8000001293,1.2,5,ZS,5,8000001293,
ZS07,8000001293,2,5,ZS,5,8000001293,
ZS08,8000001293,1.2,5,ZS,5,8000001293,
ZS11,8000001329,1.2,5,ZS,5,8000001329,
ZS10,8000001329,1.2,5,ZS,5,8000001329,
ZS24,8000001329,1,5,ZS,5,8000001329,
ZS02,8000001329,1.7,5,ZS,5,8000001329,
ZS23,8000001329,1,5,ZS,5,8000001329,
ZS01,8000001329,1.7,5,ZS,5,8000001329,
ZS26,8000001329,1.5,5,ZS,5,8000001329,
ZS04,8000001329,1.7,5,ZS,5,8000001329,
ZS25,8000001329,1.2,5,ZS,5,8000001329,
ZS03,8000001329,1.7,5,ZS,5,8000001329,
ZS06,8000001329,1.2,5,ZS,5,8000001329,
ZS05,8000001329,1.2,5,ZS,5,8000001329,
ZS08,8000001329,1.2,5,ZS,5,8000001329,
ZS07,8000001329,2,5,ZS,5,8000001329,
ZS09,8000001329,1.2,5,ZS,5,8000001329,
ZS20,8000001329,1,5,ZS,5,8000001329,
ZS22,8000001329,1,5,ZS,5,8000001329,
ZS21,8000001329,1,5,ZS,5,8000001329,
ZS13,8000001329,1.2,5,ZS,5,8000001329,
ZS12,8000001329,1.2,5,ZS,5,8000001329,
ZS15,8000001329,1.2,5,ZS,5,8000001329,
ZS17,8000001329,1,5,ZS,5,8000001329,
ZS16,8000001329,1,5,ZS,5,8000001329,
ZS19,8000001329,1,5,ZS,5,8000001329,
ZS18,8000001329,1,5,ZS,5,8000001329,
ZS25,8000001413,1.2,5,ZS,5,8000001413,
ZS03,8000001413,1.7,5,ZS,5,8000001413,
ZS26,8000001413,1.5,5,ZS,5,8000001413,
ZS04,8000001413,1.7,5,ZS,5,8000001413,
ZS23,8000001413,1,5,ZS,5,8000001413,
ZS01,8000001413,1.7,5,ZS,5,8000001413,
ZS24,8000001413,1,5,ZS,5,8000001413,
ZS02,8000001413,1.7,5,ZS,5,8000001413,
ZS21,8000001413,1,5,ZS,5,8000001413,
ZS22,8000001413,1,5,ZS,5,8000001413,
ZS20,8000001413,1,5,ZS,5,8000001413,
ZS18,8000001413,1,5,ZS,5,8000001413,
ZS19,8000001413,1,5,ZS,5,8000001413,
ZS16,8000001413,1,5,ZS,5,8000001413,
ZS17,8000001413,1,5,ZS,5,8000001413,
ZS15,8000001413,1.2,5,ZS,5,8000001413,
ZS12,8000001413,1.2,5,ZS,5,8000001413,
ZS13,8000001413,1.2,5,ZS,5,8000001413,
ZS10,8000001413,1.2,5,ZS,5,8000001413,
ZS11,8000001413,1.2,5,ZS,5,8000001413,
ZS09,8000001413,1.2,5,ZS,5,8000001413,
ZS07,8000001413,2,5,ZS,5,8000001413,
ZS08,8000001413,1.2,5,ZS,5,8000001413,
ZS05,8000001413,1.2,5,ZS,5,8000001413,
ZS06,8000001413,1.2,5,ZS,5,8000001413,
ZS22,8000001365,1,5,ZS,5,8000001365,
ZS21,8000001365,1,5,ZS,5,8000001365,
ZS20,8000001365,1,5,ZS,5,8000001365,
ZS08,8000001365,1.2,5,ZS,5,8000001365,
ZS07,8000001365,2,5,ZS,5,8000001365,
ZS06,8000001365,1.2,5,ZS,5,8000001365,
ZS05,8000001365,1.2,5,ZS,5,8000001365,
ZS26,8000001365,1.5,5,ZS,5,8000001365,
ZS04,8000001365,1.7,5,ZS,5,8000001365,
ZS25,8000001365,1.2,5,ZS,5,8000001365,
ZS03,8000001365,1.7,5,ZS,5,8000001365,
ZS24,8000001365,1,5,ZS,5,8000001365,
ZS02,8000001365,1.7,5,ZS,5,8000001365,
ZS23,8000001365,1,5,ZS,5,8000001365,
ZS01,8000001365,1.7,5,ZS,5,8000001365,
ZS11,8000001365,1.2,5,ZS,5,8000001365,
ZS10,8000001365,1.2,5,ZS,5,8000001365,
ZS19,8000001365,1,5,ZS,5,8000001365,
ZS18,8000001365,1,5,ZS,5,8000001365,
ZS17,8000001365,1,5,ZS,5,8000001365,
ZS16,8000001365,1,5,ZS,5,8000001365,
ZS15,8000001365,1.2,5,ZS,5,8000001365,
ZS13,8000001365,1.2,5,ZS,5,8000001365,
ZS12,8000001365,1.2,5,ZS,5,8000001365,
ZS09,8000001365,1.2,5,ZS,5,8000001365,
SZ16,8000270355,0.03,30,CL,30,8000270355,
SZ17,8000270355,0.03,30,CL,30,8000270355,
SZ13,8000270355,0.03,30,CL,30,8000270355,
SZ11,8000270355,0.03,30,CL,30,8000270355,
TS11,8000030244,0.25,30,TS,30,8000030244,
TS10,8000030244,0.28,30,TS,30,8000030244,
TS15,8000030244,0.2,30,TS,30,8000030244,
TS04,8000030244,0.3,30,TS,30,8000030244,
TS03,8000030244,0.3,30,TS,30,8000030244,
TS02,8000030244,0.26,30,TS,30,8000030244,
TS01,8000030244,0.26,30,TS,30,8000030244,
TS19,8000030244,0.38,30,TS,30,8000030244,
TS18,8000030244,0.3,30,TS,30,8000030244,
TS06,8000030244,0.28,30,TS,30,8000030244,
TS16,8000030244,0.3,30,TS,30,8000030244,
TS05,8000030244,0.3,30,TS,30,8000030244,
TS09,8000030244,0.26,30,TS,30,8000030244,
TS15,8000030254,0.2,30,TS,30,8000030254,
TS04,8000030254,0.3,30,TS,30,8000030254,
TS16,8000030254,0.3,30,TS,30,8000030254,
TS05,8000030254,0.3,30,TS,30,8000030254,
TS02,8000030254,0.26,30,TS,30,8000030254,
TS03,8000030254,0.3,30,TS,30,8000030254,
TS19,8000030254,0.38,30,TS,30,8000030254,
TS09,8000030254,0.26,30,TS,30,8000030254,
TS06,8000030254,0.28,30,TS,30,8000030254,
TS18,8000030254,0.3,30,TS,30,8000030254,
TS11,8000030254,0.25,30,TS,30,8000030254,
TS01,8000030254,0.26,30,TS,30,8000030254,
TS10,8000030254,0.28,30,TS,30,8000030254,
TS19,8000030246,0.38,30,TS,30,8000030246,
TS18,8000030246,0.3,30,TS,30,8000030246,
TS09,8000030246,0.26,30,TS,30,8000030246,
TS15,8000030246,0.2,30,TS,30,8000030246,
TS04,8000030246,0.3,30,TS,30,8000030246,
TS03,8000030246,0.3,30,TS,30,8000030246,
TS06,8000030246,0.28,30,TS,30,8000030246,
TS16,8000030246,0.3,30,TS,30,8000030246,
TS05,8000030246,0.3,30,TS,30,8000030246,
TS11,8000030246,0.25,30,TS,30,8000030246,
TS10,8000030246,0.28,30,TS,30,8000030246,
TS02,8000030246,0.26,30,TS,30,8000030246,
TS01,8000030246,0.26,30,TS,30,8000030246,
SZ09,8000066422,0.08,30,CL,30,8000066422,5000221032-10
SZ08,8000066422,0.08,30,CL,30,8000066422,5000221032-10
SZ18,8000066422,0.08,30,CL,30,8000066422,5000221032-10
SZ07,8000066422,0.08,30,CL,30,8000066422,5000221032-10
SZ17,8000066422,0.08,30,CL,30,8000066422,5000221032-10
SZ06,8000066422,0.08,30,CL,30,8000066422,5000221032-10
SZ16,8000066422,0.08,30,CL,30,8000066422,5000221032-10
SZ05,8000066422,0.08,30,CL,30,8000066422,5000221032-10
SZ15,8000066422,0.08,30,CL,30,8000066422,5000221032-10
SZ04,8000066422,0.08,30,CL,30,8000066422,5000221032-10
SZ03,8000066422,0.08,30,CL,30,8000066422,5000221032-10
SZ13,8000066422,0.05,30,CL,30,8000066422,5000221032-10
SZ02,8000066422,0.08,30,CL,30,8000066422,5000221032-10
SZ12,8000066422,0.05,30,CL,30,8000066422,5000221032-10
SZ01,8000066422,0.08,30,CL,30,8000066422,5000221032-10
SZ11,8000066422,0.05,30,CL,30,8000066422,5000221032-10
SZ10,8000066422,0.08,30,CL,30,8000066422,5000221032-10
HT05,8000203645,0.05,40,HT,40,8000203645,5000239563-10
HT17,8000203645,0.05,40,HT,40,8000203645,5000239563-10
HT06,8000203645,0.05,40,HT,40,8000203645,5000239563-10
HT07,8000203645,0.05,40,HT,40,8000203645,5000239563-10
HT21,8000203645,0.05,40,HT,40,8000203645,5000239563-10
HT11,8000203645,0.05,40,HT,40,8000203645,5000239563-10
HT21,8000286138,0.06,40,HT,40,8000286138,5000221032-10
HT10,8000286138,0.06,40,HT,40,8000286138,5000221032-10
HT20,8000286138,0.06,40,HT,40,8000286138,5000221032-10
HT12,8000286138,0.06,40,HT,40,8000286138,5000221032-10
HT01,8000286138,0.06,40,HT,40,8000286138,5000221032-10
HT11,8000286138,0.06,40,HT,40,8000286138,5000221032-10
HT03,8000286138,0.06,40,HT,40,8000286138,5000221032-10
HT13,8000286138,0.06,40,HT,40,8000286138,5000221032-10
HT02,8000286138,0.06,40,HT,40,8000286138,5000221032-10
HT16,8000286138,0.06,40,HT,40,8000286138,5000221032-10
HT05,8000286138,0.06,40,HT,40,8000286138,5000221032-10
HT15,8000286138,0.06,40,HT,40,8000286138,5000221032-10
HT04,8000286138,0.06,40,HT,40,8000286138,5000221032-10
HT18,8000286138,0.06,40,HT,40,8000286138,5000221032-10
HT07,8000286138,0.06,40,HT,40,8000286138,5000221032-10
HT17,8000286138,0.06,40,HT,40,8000286138,5000221032-10
HT06,8000286138,0.06,40,HT,40,8000286138,5000221032-10
HT09,8000286138,0.06,40,HT,40,8000286138,5000221032-10
HT19,8000286138,0.06,40,HT,40,8000286138,5000221032-10
HT08,8000286138,0.06,40,HT,40,8000286138,5000221032-10
HT20,8000284363,0.06,40,HT,40,8000284363,5000224096-60
HT21,8000284363,0.06,40,HT,40,8000284363,5000224096-60
HT10,8000284363,0.06,40,HT,40,8000284363,5000224096-60
HT11,8000284363,0.06,40,HT,40,8000284363,5000224096-60
HT12,8000284363,0.06,40,HT,40,8000284363,5000224096-60
HT01,8000284363,0.06,40,HT,40,8000284363,5000224096-60
HT17,8000284363,0.06,40,HT,40,8000284363,5000224096-60
HT06,8000284363,0.06,40,HT,40,8000284363,5000224096-60
HT18,8000284363,0.06,40,HT,40,8000284363,5000224096-60
HT07,8000284363,0.06,40,HT,40,8000284363,5000224096-60
HT19,8000284363,0.06,40,HT,40,8000284363,5000224096-60
HT08,8000284363,0.06,40,HT,40,8000284363,5000224096-60
HT09,8000284363,0.06,40,HT,40,8000284363,5000224096-60
HT13,8000284363,0.06,40,HT,40,8000284363,5000224096-60
HT02,8000284363,0.06,40,HT,40,8000284363,5000224096-60
HT03,8000284363,0.06,40,HT,40,8000284363,5000224096-60
HT15,8000284363,0.06,40,HT,40,8000284363,5000224096-60
HT04,8000284363,0.06,40,HT,40,8000284363,5000224096-60
HT16,8000284363,0.06,40,HT,40,8000284363,5000224096-60
HT05,8000284363,0.06,40,HT,40,8000284363,5000224096-60
HT12,8000269602,0.03,20,HT,20,8000269602,7000007355-10
HT01,8000269602,0.03,20,HT,20,8000269602,7000007355-10
HT13,8000269602,0.03,20,HT,20,8000269602,7000007355-10
HT02,8000269602,0.03,20,HT,20,8000269602,7000007355-10
HT03,8000269602,0.03,20,HT,20,8000269602,7000007355-10
HT15,8000269602,0.03,20,HT,20,8000269602,7000007355-10
HT04,8000269602,0.03,20,HT,20,8000269602,7000007355-10
HT16,8000269602,0.03,20,HT,20,8000269602,7000007355-10
HT05,8000269602,0.03,20,HT,20,8000269602,7000007355-10
HT06,8000269602,0.03,20,HT,20,8000269602,7000007355-10
HT18,8000269602,0.03,20,HT,20,8000269602,7000007355-10
HT07,8000269602,0.03,20,HT,20,8000269602,7000007355-10
HT19,8000269602,0.03,20,HT,20,8000269602,7000007355-10
HT08,8000269602,0.03,20,HT,20,8000269602,7000007355-10
HT20,8000269602,0.03,20,HT,20,8000269602,7000007355-10
HT21,8000269602,0.03,20,HT,20,8000269602,7000007355-10
HT10,8000269602,0.03,20,HT,20,8000269602,7000007355-10
HT11,8000269602,0.03,20,HT,20,8000269602,7000007355-10
HT09,8000269602,0.03,20,HT,20,8000269602,7000007355-10
TS02,8000032881,0.26,30,TS,30,8000032881,5000224096-60
TS01,8000032881,0.23,30,TS,30,8000032881,5000224096-60
TS11,8000032881,0.2,30,TS,30,8000032881,5000224096-60
TS10,8000032881,0.2,30,TS,30,8000032881,5000224096-60
TS09,8000032881,0.26,30,TS,30,8000032881,5000224096-60
TS19,8000032881,0.15,30,TS,30,8000032881,5000224096-60
TS18,8000032881,0.18,30,TS,30,8000032881,5000224096-60
TS06,8000032881,0.2,30,TS,30,8000032881,5000224096-60
TS05,8000032881,0.2,30,TS,30,8000032881,5000224096-60
TS04,8000032881,0.2,30,TS,30,8000032881,5000224096-60
HT06,8000270558,0.05,60,HT,60,8000270558,7000007355-10
HT18,8000270558,0.05,60,HT,60,8000270558,7000007355-10
HT07,8000270558,0.05,60,HT,60,8000270558,7000007355-10
HT19,8000270558,0.05,60,HT,60,8000270558,7000007355-10
HT08,8000270558,0.05,60,HT,60,8000270558,7000007355-10
HT09,8000270558,0.05,60,HT,60,8000270558,7000007355-10
HT13,8000270558,0.05,60,HT,60,8000270558,7000007355-10
HT02,8000270558,0.05,60,HT,60,8000270558,7000007355-10
HT03,8000270558,0.05,60,HT,60,8000270558,7000007355-10
HT15,8000270558,0.05,60,HT,60,8000270558,7000007355-10
HT04,8000270558,0.05,60,HT,60,8000270558,7000007355-10
HT16,8000270558,0.05,60,HT,60,8000270558,7000007355-10
HT05,8000270558,0.05,60,HT,60,8000270558,7000007355-10
HT20,8000270558,0.05,60,HT,60,8000270558,7000007355-10
HT21,8000270558,0.05,60,HT,60,8000270558,7000007355-10
HT10,8000270558,0.05,60,HT,60,8000270558,7000007355-10
HT11,8000270558,0.05,60,HT,60,8000270558,7000007355-10
HT12,8000270558,0.05,60,HT,60,8000270558,7000007355-10
HT01,8000270558,0.05,60,HT,60,8000270558,7000007355-10
SZ12,8000284390,0.05,30,CL,30,8000284390,5000224096-60
SZ01,8000284390,0.08,30,CL,30,8000284390,5000224096-60
SZ13,8000284390,0.05,30,CL,30,8000284390,5000224096-60
SZ02,8000284390,0.08,30,CL,30,8000284390,5000224096-60
SZ10,8000284390,0.08,30,CL,30,8000284390,5000224096-60
SZ11,8000284390,0.05,30,CL,30,8000284390,5000224096-60
SZ09,8000284390,0.08,30,CL,30,8000284390,5000224096-60
SZ18,8000284390,0.08,30,CL,30,8000284390,5000224096-60
SZ07,8000284390,0.08,30,CL,30,8000284390,5000224096-60
SZ08,8000284390,0.08,30,CL,30,8000284390,5000224096-60
SZ16,8000284390,0.08,30,CL,30,8000284390,5000224096-60
SZ05,8000284390,0.08,30,CL,30,8000284390,5000224096-60
SZ17,8000284390,0.08,30,CL,30,8000284390,5000224096-60
SZ03,8000284390,0.08,30,CL,30,8000284390,5000224096-60
SZ15,8000284390,0.08,30,CL,30,8000284390,5000224096-60
SZ04,8000284390,0.08,30,CL,30,8000284390,5000224096-60
HT09,8000051867,0.05,30,JQJ,30,8000051867,7000007355-10
HT04,8000051867,0.05,30,JQJ,30,8000051867,7000007355-10
HT03,8000051867,0.05,30,JQJ,30,8000051867,7000007355-10
HT24,8000051867,0.05,30,JQJ,30,8000051867,7000007355-10
HT02,8000051867,0.05,30,JQJ,30,8000051867,7000007355-10
HT23,8000051867,0.05,30,JQJ,30,8000051867,7000007355-10
HT01,8000051867,0.05,30,JQJ,30,8000051867,7000007355-10
HT08,8000051867,0.05,30,JQJ,30,8000051867,7000007355-10
HT07,8000051867,0.05,30,JQJ,30,8000051867,7000007355-10
HT06,8000051867,0.05,30,JQJ,30,8000051867,7000007355-10
HT05,8000051867,0.05,30,JQJ,30,8000051867,7000007355-10
HT22,8000051867,0.05,30,JQJ,30,8000051867,7000007355-10
HT21,8000051867,0.05,30,JQJ,30,8000051867,7000007355-10
HT20,8000051867,0.05,30,JQJ,30,8000051867,7000007355-10
JQj05,8000051867,0.05,30,JQJ,30,8000051867,7000007355-10
HT15,8000051867,0.05,30,JQJ,30,8000051867,7000007355-10
HT13,8000051867,0.05,30,JQJ,30,8000051867,7000007355-10
HT12,8000051867,0.05,30,JQJ,30,8000051867,7000007355-10
HT19,8000051867,0.05,30,JQJ,30,8000051867,7000007355-10
HT18,8000051867,0.05,30,JQJ,30,8000051867,7000007355-10
HT17,8000051867,0.05,30,JQJ,30,8000051867,7000007355-10
HT38,8000051867,0.05,30,JQJ,30,8000051867,7000007355-10
HT16,8000051867,0.05,30,JQJ,30,8000051867,7000007355-10
HT11,8000051867,0.05,30,JQJ,30,8000051867,7000007355-10
HT10,8000051867,0.05,30,JQJ,30,8000051867,7000007355-10
JQJ01,8000051867,0.05,30,JQJ,30,8000051867,7000007355-10
TS16,8000031456,0.12,30,TS,30,8000031456,5000221032-10
TS05,8000031456,0.18,30,TS,30,8000031456,5000221032-10
SZ06,8000284390,0.08,30,CL,30,8000284390,5000224096-60